<application>
  <component name="AndroidLogcatFilterHistory">
    <option name="mostRecentlyUsed" value="package:com.fox.watch_fox.watch_fox " />
    <option name="nonFavorites">
      <list>
        <option value="package:com.fox.watch_fox.watch_fox " />
        <option value="WearPlugin" />
        <option value="package:com.at.rack_logic package:com.at.rack_logic.production " />
        <option value="package:com.at.rack_logic " />
        <option value="package:com.at.rack_logic.production " />
        <option value="package:com.realify.prod " />
        <option value=" " />
        <option value="is:error " />
        <option value=":is:crash is:error " />
        <option value=":is:crash " />
        <option value="is:crash is:error" />
        <option value="is:crash is:error package:com.realify.prod" />
        <option value="package:com.realify.prod" />
        <option value="level:info package:mine " />
        <option value="level:info " />
      </list>
    </option>
  </component>
</application>