<application>
  <component name="BitRates">
    <option name="bitRateTrackers">
      <map>
        <entry key="Google|Pixel 8|arm64-v8a|36">
          <value>
            <BitRateTracker>
              <option name="bitRate" value="2000000" />
              <candidates>
                <CandidateBitRate>
                  <option name="bitRate" value="1000000" />
                  <option name="score" value="938" />
                </CandidateBitRate>
                <CandidateBitRate>
                  <option name="bitRate" value="500000" />
                  <option name="score" value="604" />
                </CandidateBitRate>
              </candidates>
            </BitRateTracker>
          </value>
        </entry>
      </map>
    </option>
  </component>
</application>