<application>
  <component name="GoogleLoginApplicationSettings">
    <option name="activeUser" value="namnt1@newwave.com.vn" />
    <option name="userEmail2FeaturesStore">
      <map>
        <entry key="dev.racklogic@gmail.com">
          <value>
            <set>
              <option value="Android Vitals" />
              <option value="Firebase" />
              <option value="Gemini" />
              <option value="User Info" />
            </set>
          </value>
        </entry>
        <entry key="itachi1611@gmail.com">
          <value>
            <set>
              <option value="Firebase" />
              <option value="Gemini" />
              <option value="User Info" />
            </set>
          </value>
        </entry>
        <entry key="namnt1@newwave.com.vn">
          <value>
            <set>
              <option value="Android Vitals" />
              <option value="GiAS" />
              <option value="User Info" />
              <option value="Firebase" />
              <option value="Gemini" />
            </set>
          </value>
        </entry>
      </map>
    </option>
  </component>
</application>