<application>
  <component name="CachedDictionaryState">
    <words>
      <w>autovalidate</w>
      <w>avci</w>
      <w>backtie</w>
      <w>baseplate</w>
      <w>bfbfbf</w>
      <w>bracediagonal</w>
      <w>bracehorizontal</w>
      <w>cacaca</w>
      <w>caculate</w>
      <w>cartonlivestorage</w>
      <w>colorpicker</w>
      <w>ddmmyyyy</w>
      <w>dexion</w>
      <w>dynabolt</w>
      <w>eaeaea</w>
      <w>eeeeee</w>
      <w>efefef</w>
      <w>effd</w>
      <w>fafafa</w>
      <w>ffebee</w>
      <w>flavorizr</w>
      <w>flushbar</w>
      <w>freezed</w>
      <w>guiderails</w>
      <w>heic</w>
      <w>hsvcolor</w>
      <w>interps</w>
      <w>inviterole</w>
      <w>macrack</w>
      <w>pinput</w>
      <w>racklogic</w>
      <w>realify</w>
      <w>registed</w>
      <w>rowspacer</w>
      <w>rrect</w>
      <w>screwbolt</w>
      <w>seperated</w>
      <w>showcaseview</w>
      <w>snackbar</w>
      <w>spinkit</w>
      <w>textformfield</w>
      <w>tweens</w>
      <w>unfocus</w>
      <w>warahouse</w>
      <w>webview</w>
      <w>workmanager</w>
      <w>yyyymmdd</w>
    </words>
  </component>
</application>