<application>
  <component name="BlockTerminalUsage">
    <option name="blockTerminalUsedLastTimeMillis" value="1755760863937" />
    <option name="blockTerminalUsedLastVersion" value="243.25659.59.2432.13423653" />
    <shellToExecutedCommandsNumber>
      <entry key="zsh" value="2883" />
    </shellToExecutedCommandsNumber>
  </component>
  <component name="ReworkedTerminalUsage"><![CDATA[{
  "enterKeyPressedTimes": 2
}]]></component>
  <component name="TerminalOptionsProvider">
    <option name="myCopyOnSelection" value="true" />
    <option name="terminalEngine" value="NEW_TERMINAL" />
    <option name="terminalEngineInRemDev" value="NEW_TERMINAL" />
  </component>
</application>