<application>
  <component name="ThemeSwitcherSettingsState">
    <option name="themeNamesToSwitch">
      <list>
        <option value="Light" />
        <option value="Dark" />
        <option value="Rider Day" />
        <option value="Rider Night" />
        <option value="Darcula" />
        <option value="IntelliJ" />
        <option value="IntelliJ Light" />
        <option value="Light with Light Header" />
        <option value="High Contrast" />
        <option value="Dark purple" />
        <option value="Hiberbee Dark" />
        <option value="Rider Light" />
        <option value="Rider Dark" />
        <option value="Rider Melon Day" />
        <option value="Rider Melon Light" />
        <option value="Rider Melon Night" />
        <option value="Rider Melon Dark" />
        <option value="Visual Studio Day" />
        <option value="Visual Studio Light" />
        <option value="Visual Studio Night" />
        <option value="Visual Studio Dark" />
        <option value="ReSharper Day" />
        <option value="ReSharper Light" />
        <option value="ReSharper Night" />
        <option value="ReSharper Dark" />
        <option value="Visual Assist Day" />
        <option value="Visual Assist Light" />
        <option value="Visual Assist Night" />
        <option value="Visual Assist Dark" />
        <option value="macOS Light" />
      </list>
    </option>
  </component>
</application>