<application>
  <component name="Trusted.Paths">
    <option name="TRUSTED_PROJECT_PATHS">
      <map>
        <entry key="$USER_HOME$/Desktop/_/src" value="true" />
        <entry key="$USER_HOME$/Desktop/_/src/1" value="true" />
        <entry key="$USER_HOME$/Desktop/_/src/Kmp_learning" value="true" />
        <entry key="$USER_HOME$/Desktop/_/src/auto_tap" value="true" />
        <entry key="$USER_HOME$/Desktop/_/src/auto_tap/android" value="true" />
        <entry key="$USER_HOME$/Desktop/_/src/custom_social_share" value="true" />
        <entry key="$USER_HOME$/Desktop/_/src/fgit" value="true" />
        <entry key="$USER_HOME$/Desktop/_/src/flutter_tmp" value="true" />
        <entry key="$USER_HOME$/Desktop/_/src/josh_pixtd" value="true" />
        <entry key="$USER_HOME$/Desktop/_/src/josh_pixtd/android" value="true" />
        <entry key="$USER_HOME$/Desktop/_/src/multi_platform" value="true" />
        <entry key="$USER_HOME$/Desktop/_/src/note" value="true" />
        <entry key="$USER_HOME$/Desktop/_/src/rack_logic" value="true" />
        <entry key="$USER_HOME$/Desktop/_/src/rack_logic/main" value="true" />
        <entry key="$USER_HOME$/Desktop/_/src/rack_logic/main/android" value="true" />
        <entry key="$USER_HOME$/Desktop/_/src/realify" value="true" />
        <entry key="$USER_HOME$/Desktop/_/src/realify/android" value="true" />
        <entry key="$USER_HOME$/Desktop/_/src/ref/flutter_tmp" value="true" />
        <entry key="$USER_HOME$/Desktop/_/src/ref/flutter_tmp/android" value="true" />
        <entry key="$USER_HOME$/Desktop/_/src/ref/infinitive_grid" value="true" />
        <entry key="$USER_HOME$/Desktop/_/src/ref/watch_fox" value="true" />
        <entry key="$USER_HOME$/Desktop/_/src/server" value="true" />
        <entry key="$USER_HOME$/Desktop/_/src/spx-mobile" value="true" />
        <entry key="$USER_HOME$/Desktop/_/src/test1" value="true" />
        <entry key="$USER_HOME$/Desktop/_/src/watch_fox" value="true" />
        <entry key="$USER_HOME$/Desktop/_/src/watch_fox/android" value="true" />
        <entry key="$USER_HOME$/Downloads/Watch Music App_Starting Code" value="true" />
        <entry key="$USER_HOME$/Downloads/flutter_base" value="true" />
        <entry key="$USER_HOME$/Downloads/flutter_temp_bloc-main" value="true" />
        <entry key="$USER_HOME$/Downloads/iot_app" value="true" />
        <entry key="$USER_HOME$/Downloads/sleek_circular_slider-master/example" value="true" />
      </map>
    </option>
  </component>
  <component name="Trusted.Paths.Settings">
    <option name="TRUSTED_PATHS">
      <list>
        <option value="$USER_HOME$/Downloads" />
      </list>
    </option>
  </component>
</application>