<application>
  <component name="DimensionService">
    <location key="WELCOME_SCREEN.0.0.1920.1080" x="960" y="300" />
    <location key="find.popup.0.0.1920.1080" x="448" y="173" />
    <location key="find.popup.1920.0.1080.1920" x="2174" y="306" />
    <location key="find.popup.1920.0.1920.1080" x="2368" y="173" />
    <size key="find.popup.0.0.1920.1080" width="1330" height="571" />
    <size key="GridCell.Tab.0.left.0.0.1920.1080" width="1109" height="279" />
    <size key="GridCell.Tab.0.center.0.0.1920.1080" width="1109" height="279" />
    <size key="GridCell.Tab.0.right.0.0.1920.1080" width="1109" height="279" />
    <size key="GridCell.Tab.0.bottom.0.0.1920.1080" width="1109" height="279" />
    <size key="GridCell.Tab.1.left.0.0.1920.1080" width="1109" height="279" />
    <size key="GridCell.Tab.1.center.0.0.1920.1080" width="1109" height="279" />
    <size key="GridCell.Tab.1.right.0.0.1920.1080" width="1109" height="279" />
    <size key="GridCell.Tab.1.bottom.0.0.1920.1080" width="1109" height="279" />
    <size key="GridCell.Tab.2.left.0.0.1920.1080" width="1109" height="279" />
    <size key="GridCell.Tab.2.center.0.0.1920.1080" width="1109" height="279" />
    <size key="GridCell.Tab.2.right.0.0.1920.1080" width="1109" height="279" />
    <size key="GridCell.Tab.2.bottom.0.0.1920.1080" width="1109" height="279" />
    <size key="GridCell.Tab.0.left.0.0.3840.2160@192dpi" width="2054" height="548" />
    <size key="GridCell.Tab.0.center.0.0.3840.2160@192dpi" width="2054" height="548" />
    <size key="GridCell.Tab.0.right.0.0.3840.2160@192dpi" width="2054" height="548" />
    <size key="GridCell.Tab.0.bottom.0.0.3840.2160@192dpi" width="2054" height="548" />
    <size key="GridCell.Tab.-1.left.0.0.1920.1080" width="1109" height="341" />
    <size key="GridCell.Tab.-1.center.0.0.1920.1080" width="1109" height="341" />
    <size key="GridCell.Tab.-1.right.0.0.1920.1080" width="1109" height="341" />
    <size key="GridCell.Tab.-1.bottom.0.0.1920.1080" width="1109" height="341" />
    <size key="GridCell.Tab.3.left.0.0.1920.1080" width="1109" height="270" />
    <size key="GridCell.Tab.3.center.0.0.1920.1080" width="1109" height="270" />
    <size key="GridCell.Tab.3.right.0.0.1920.1080" width="1109" height="270" />
    <size key="GridCell.Tab.3.bottom.0.0.1920.1080" width="1109" height="270" />
    <size key="GridCell.Tab.0.left.1920.0.1080.1920" width="597" height="746" />
    <size key="GridCell.Tab.0.center.1920.0.1080.1920" width="597" height="746" />
    <size key="GridCell.Tab.0.right.1920.0.1080.1920" width="597" height="746" />
    <size key="GridCell.Tab.0.bottom.1920.0.1080.1920" width="597" height="746" />
    <size key="GridCell.Tab.1.left.1920.0.1080.1920" width="597" height="746" />
    <size key="GridCell.Tab.1.center.1920.0.1080.1920" width="597" height="746" />
    <size key="GridCell.Tab.1.right.1920.0.1080.1920" width="597" height="746" />
    <size key="GridCell.Tab.1.bottom.1920.0.1080.1920" width="597" height="746" />
    <size key="GridCell.Tab.2.left.1920.0.1080.1920" width="597" height="746" />
    <size key="GridCell.Tab.2.center.1920.0.1080.1920" width="597" height="746" />
    <size key="GridCell.Tab.2.right.1920.0.1080.1920" width="597" height="746" />
    <size key="GridCell.Tab.2.bottom.1920.0.1080.1920" width="597" height="746" />
    <size key="GridCell.Tab.3.left.1920.0.1080.1920" width="998" height="429" />
    <size key="GridCell.Tab.3.center.1920.0.1080.1920" width="998" height="429" />
    <size key="GridCell.Tab.3.right.1920.0.1080.1920" width="998" height="429" />
    <size key="GridCell.Tab.3.bottom.1920.0.1080.1920" width="998" height="429" />
    <size key="find.popup.1920.0.1080.1920" width="748" height="1014" />
    <size key="GridCell.Tab.-1.left.1920.0.1080.1920" width="998" height="429" />
    <size key="GridCell.Tab.-1.center.1920.0.1080.1920" width="998" height="429" />
    <size key="GridCell.Tab.-1.right.1920.0.1080.1920" width="998" height="429" />
    <size key="GridCell.Tab.-1.bottom.1920.0.1080.1920" width="998" height="429" />
    <size key="GridCell.Tab.0.left.1920.0.1920.1080" width="1017" height="366" />
    <size key="GridCell.Tab.0.center.1920.0.1920.1080" width="1017" height="366" />
    <size key="GridCell.Tab.0.right.1920.0.1920.1080" width="1017" height="366" />
    <size key="GridCell.Tab.0.bottom.1920.0.1920.1080" width="1017" height="366" />
    <size key="GridCell.Tab.1.left.1920.0.1920.1080" width="1017" height="366" />
    <size key="GridCell.Tab.1.center.1920.0.1920.1080" width="1017" height="366" />
    <size key="GridCell.Tab.1.right.1920.0.1920.1080" width="1017" height="366" />
    <size key="GridCell.Tab.1.bottom.1920.0.1920.1080" width="1017" height="366" />
    <size key="GridCell.Tab.2.left.1920.0.1920.1080" width="1017" height="366" />
    <size key="GridCell.Tab.2.center.1920.0.1920.1080" width="1017" height="366" />
    <size key="GridCell.Tab.2.right.1920.0.1920.1080" width="1017" height="366" />
    <size key="GridCell.Tab.2.bottom.1920.0.1920.1080" width="1017" height="366" />
    <size key="find.popup.1920.0.1920.1080" width="1330" height="856" />
    <size key="GridCell.Tab.3.left.1920.0.1920.1080" width="1109" height="394" />
    <size key="GridCell.Tab.3.center.1920.0.1920.1080" width="1109" height="394" />
    <size key="GridCell.Tab.3.right.1920.0.1920.1080" width="1109" height="394" />
    <size key="GridCell.Tab.3.bottom.1920.0.1920.1080" width="1109" height="394" />
    <size key="GridCell.Tab.4.left.1920.0.1920.1080" width="1109" height="394" />
    <size key="GridCell.Tab.4.center.1920.0.1920.1080" width="1109" height="394" />
    <size key="GridCell.Tab.4.right.1920.0.1920.1080" width="1109" height="394" />
    <size key="GridCell.Tab.4.bottom.1920.0.1920.1080" width="1109" height="394" />
    <size key="GridCell.Tab.-1.left.1920.0.1920.1080" width="643" height="395" />
    <size key="GridCell.Tab.-1.center.1920.0.1920.1080" width="643" height="395" />
    <size key="GridCell.Tab.-1.right.1920.0.1920.1080" width="643" height="395" />
    <size key="GridCell.Tab.-1.bottom.1920.0.1920.1080" width="643" height="395" />
  </component>
  <component name="WindowManager">
    <frame x="1920" y="25" width="1920" height="1055" fullScreen="true" />
  </component>
  <component name="WindowStateApplicationService">
    <state x="1167" y="177" key="#xdebugger.evaluate" timestamp="1758254922528">
      <screen x="0" y="25" width="1920" height="1055" />
    </state>
    <state x="1167" y="177" key="#xdebugger.evaluate/0.25.1920.1055/1920.0.1920.1080" timestamp="1758254922528" />
    <state width="475" height="303" key="ShowUsagesActions.dimensionServiceKey" timestamp="1764211685234">
      <screen x="53" y="25" width="1867" height="1055" />
    </state>
    <state width="471" height="639" key="ShowUsagesActions.dimensionServiceKey/0.0.1920.1080/1920.0.1920.1080" timestamp="1760423094243" />
    <state width="527" height="111" key="ShowUsagesActions.dimensionServiceKey/0.25.1920.1055/1920.0.1920.1080" timestamp="1764152637101" />
    <state width="475" height="303" key="ShowUsagesActions.dimensionServiceKey/53.25.1867.1055/1920.0.1920.1080" timestamp="1764211685234" />
    <state width="503" height="327" key="ShowUsagesActions.dimensionServiceKey/53.25.1867.1055/1920.25.1920.1055" timestamp="1763980102849" />
    <state x="986" y="485" width="800" height="650" key="WELCOME_SCREEN" timestamp="1764226344846">
      <screen x="53" y="25" width="1867" height="1055" />
    </state>
    <state x="986" y="485" width="800" height="650" key="WELCOME_SCREEN/53.25.1867.1055/1920.25.1920.1055" timestamp="1764226344846" />
  </component>
</application>